Emp ID,Name,Email,Grade,Department,Project,Manager,Status
503,Aarav Mehta,aarav.mehta@example.com,G5,Finance,HRMS Revamp,Nitin Kumar,Active
521,Ritika Malhotra,ritika.malhotra521@example.com,G4,Finance,HRMS Revamp,Aarav Mehta,Active
522,Manish Sethi,manish.sethi522@example.com,G3,Finance,HRMS Revamp,Aarav Mehta,Active
523,Deepa Reddy,deepa.reddy523@example.com,G2,Finance,HRMS Revamp,Aarav Mehta,Probation
524,Yashwanth Shekar,yashwanth.shekar524@example.com,G5,Finance,HRMS Revamp,Aarav Mehta,Active
544,Arjun Nair,arjun.nair544@example.com,G3,Finance,HRMS Revamp,Aarav Mehta,Active
545,Priya Iyer,priya.iyer545@example.com,G4,Finance,HRMS Revamp,Aarav Mehta,Active
546,Rohan Verma,rohan.verma546@example.com,G2,Finance,HRMS Revamp,Aarav Mehta,Active
547,Megha Sharma,megha.sharma547@example.com,G5,Finance,HRMS Revamp,Aarav Mehta,Active
548,Kunal Mehta,kunal.mehta548@example.com,G3,Finance,HRMS Revamp,Aarav Mehta,Active
549,Anjali Rao,anjali.rao549@example.com,G4,Finance,HRMS Revamp,Aarav Mehta,Active
550,Deepak Sethi,deepak.sethi550@example.com,G2,Finance,HRMS Revamp,Aarav Mehta,Probation
551,Simran Kapoor,simran.kapoor551@example.com,G3,Finance,HRMS Revamp,Aarav Mehta,Active
552,Vivek Malhotra,vivek.malhotra552@example.com,G4,Finance,HRMS Revamp,Aarav Mehta,Active
553,Tanya Menon,tanya.menon553@example.com,G2,Finance,HRMS Revamp,Aarav Mehta,Active
554,Nikhil Bhat,nikhil.bhat554@example.com,G5,Finance,HRMS Revamp,Aarav Mehta,Active
555,Neeraj Kulkarni,neeraj.kulkarni555@example.com,G3,Finance,HRMS Revamp,Aarav Mehta,Active
556,Pooja Reddy,pooja.reddy556@example.com,G4,Finance,HRMS Revamp,Aarav Mehta,Active
557,Harshit Chawla,harshit.chawla557@example.com,G2,Finance,HRMS Revamp,Aarav Mehta,Probation
558,Aditi Nambiar,aditi.nambiar558@example.com,G3,Finance,HRMS Revamp,Aarav Mehta,Active
559,Manav Joshi,manav.joshi559@example.com,G4,Finance,HRMS Revamp,Aarav Mehta,Active
560,Shreya Gupta,shreya.gupta560@example.com,G5,Finance,HRMS Revamp,Aarav Mehta,Active
561,Siddhant Bose,siddhant.bose561@example.com,G3,Finance,HRMS Revamp,Aarav Mehta,Onboarding
562,Kavita Shekar,kavita.shekar562@example.com,G4,Finance,HRMS Revamp,Aarav Mehta,Active
563,Ritvik Aggarwal,ritvik.aggarwal563@example.com,G2,Finance,HRMS Revamp,Aarav Mehta,Active